[
  {
    "constant": true,
    "inputs": [
      {
        "components": [
          {
            "internalType": "address",
            "name": "makerAddress",
            "type": "address"
          },
          {
            "internalType": "address",
            "name": "takerAddress",
            "type": "address"
          },
          {
            "internalType": "address",
            "name": "feeRecipientAddress",
            "type": "address"
          },
          {
            "internalType": "address",
            "name": "senderAddress",
            "type": "address"
          },
          {
            "internalType": "uint256",
            "name": "makerAssetAmount",
            "type": "uint256"
          },
          {
            "internalType": "uint256",
            "name": "takerAssetAmount",
            "type": "uint256"
          },
          {
            "internalType": "uint256",
            "name": "makerFee",
            "type": "uint256"
          },
          {
            "internalType": "uint256",
            "name": "takerFee",
            "type": "uint256"
          },
          {
            "internalType": "uint256",
            "name": "expirationTimeSeconds",
            "type": "uint256"
          },
          {
            "internalType": "uint256",
            "name": "salt",
            "type": "uint256"
          },
          {
            "internalType": "bytes",
            "name": "makerAssetData",
            "type": "bytes"
          },
          {
            "internalType": "bytes",
            "name": "takerAssetData",
            "type": "bytes"
          },
          {
            "internalType": "bytes",
            "name": "makerFeeAssetData",
            "type": "bytes"
          },
          {
            "internalType": "bytes",
            "name": "takerFeeAssetData",
            "type": "bytes"
          }
        ],
        "internalType": "struct LibOrder.Order",
        "name": "order",
        "type": "tuple"
      }
    ],
    "name": "getOtcOrderInfo",
    "outputs": [
      {
        "components": [
          {
            "internalType": "uint8",
            "name": "orderStatus",
            "type": "uint8"
          },
          {
            "internalType": "bytes32",
            "name": "orderHash",
            "type": "bytes32"
          }
        ],
        "internalType": "struct LibOrder.OrderInfo",
        "name": "orderInfo",
        "type": "tuple"
      }
    ],
    "payable": false,
    "stateMutability": "view",
    "type": "function"
  }
]
